,K-eff,Max3Pin,Max4Pin,F-delta-H,Max-Fxy
PSZ,0.016472788585867225,0.015104335863173078,0.014591892201762236,0.010878638950009477,0.010716065849858758
DOM,0.01862060550741343,0.014941041745975915,0.014825723696529606,0.009473503780981414,0.011749502964076269
vanA,0.022117542985107274,0.020180616701884202,0.019496838884462377,0.02087224861703567,0.012167076386299299
vanB,0.022262003405110663,0.019055294787942455,0.018880832421439602,0.02568683154668225,0.013345186845910456
subcool,0.0017338040144592255,0.003187612309686086,0.0030916885440741924,0.0019707953432693427,0.0020981089758915954
CRD,0.20360928878632026,0.25398316822790473,0.24845877959877447,0.221560881519962,0.06639877648835905
FlowRate,0.001103925969157484,0.0016055902795735445,0.00152240996710261,0.001509621933278428,0.0019770808518792364
PowerDensity,0.003276131567190254,0.003397943762508556,0.0031073495700964836,0.0029254545361970022,0.0026499890909479564
VFNGAP,0.001979766167189913,0.0033778315829176377,0.003296085499804486,0.002515729318187729,0.002683568605346531
