,max_power,burst_width,max_TF,avg_Tcool
rod_worth,0.093932777340027,0.02913969226872349,0.07868312546989427,0.11392177286256978
beta,0.07890369824029758,0.02600081691048588,0.057082374255783476,0.08486332808200246
h_gap,0.0018567702227639002,0.0005864286309581201,0.009642755864054291,0.014534993059487113
gamma_frac,0.0032372931010581705,0.0003812375794209204,0.004301583305065567,0.0004364968253857632
