,max_power,burst_width,max_TF,avg_Tcool
rod_worth,0.09355740090222057,0.028007059619913757,0.07827814431849626,0.11417650034144629
beta,0.07825201739466889,0.02378655413118618,0.056473342653002134,0.08468481789527342
h_gap,0.0,0.0003753039913150949,0.009511479491137259,0.014658094192683139
gamma_frac,0.0,0.0,0.0,0.0
