OUTPUT,MAE,MAPE,MSE,RMSE,RMSPE,R2,CONVERSION TIME [s]
K-eff,0.0667,7.8668,0.0079,0.0887,11.6104,-0.0,3.2076730728149414
Max3Pin,1.4244,38.6488,2.5693,1.6029,44.2129,-0.0,3.2076730728149414
Max4Pin,1.523,39.8263,2.9674,1.7226,45.5234,-0.0001,3.2076730728149414
F-delta-H,0.1748,11.5358,0.0425,0.2062,13.4108,-0.0,3.2076730728149414
Max-Fxy,0.03,1.6529,0.0023,0.0478,2.804,-0.0001,3.2076730728149414
