OUTPUT,MAE,MAPE,MSE,RMSE,RMSPE,R2
K-eff,0.00349,0.40955,5e-05,0.00715,0.88155,0.99351
Max3Pin,0.11971,2.72394,0.09339,0.30561,7.31025,0.96365
Max4Pin,0.12515,2.74308,0.11298,0.33612,7.7238,0.96192
F-delta-H,0.01588,0.99274,0.00063,0.02514,1.49053,0.98513
Max-Fxy,0.01012,0.57922,0.00116,0.0341,2.07212,0.49036
