OUTPUT,MAE,MAPE,MSE,RMSE,RMSPE,R2,CONVERSION TIME [s]
K-eff,0.0453,5.1492,0.0029,0.0535,6.5161,0.6361,2.271998405456543
Max3Pin,0.4611,12.2323,0.3951,0.6286,16.719,0.8462,2.271998405456543
Max4Pin,0.5019,12.9464,0.4763,0.6902,17.7632,0.8395,2.271998405456543
F-delta-H,0.1159,7.2325,0.0206,0.1437,8.6286,0.5145,2.271998405456543
Max-Fxy,0.026,1.434,0.0016,0.0406,2.3952,0.2776,2.271998405456543
