OUTPUT,MAE,MAPE,MSE,RMSE,RMSPE,R2,CONVERSION TIME [s]
K-eff,0.0178,2.0399,0.0006,0.024,3.0131,0.9267,1.3833818435668945
Max3Pin,0.4777,11.8884,0.4078,0.6386,15.8273,0.8413,1.3833818435668945
Max4Pin,0.5061,12.0719,0.4741,0.6886,16.3161,0.8402,1.3833818435668945
F-delta-H,0.1275,7.9118,0.0259,0.1608,9.372,0.3914,1.3833818435668945
Max-Fxy,0.0317,1.7592,0.0028,0.0532,3.1878,-0.2396,1.3833818435668945
