OUTPUT,MAE,MAPE,MSE,RMSE,RMSPE,R2,CONVERSION_TIME
K-eff,0.0092,1.0756,0.0002,0.0138,1.7665,0.9758,5.6058924198150635
Max3Pin,0.3133,7.7962,0.2263,0.4758,11.4453,0.9119,5.6058924198150635
Max4Pin,0.3307,7.9202,0.2601,0.51,11.605,0.9123,5.6058924198150635
F-delta-H,0.0329,2.1126,0.0021,0.046,2.9003,0.9502,5.6058924198150635
Max-Fxy,0.0146,0.8013,0.0005,0.0224,1.2648,0.7796,5.6058924198150635
