OUTPUT,MAE,MAPE,MSE,RMSE,RMSPE,R2
K-eff,0.00384,0.44452,5e-05,0.00733,0.90591,0.99317
Max3Pin,0.11275,2.58399,0.07184,0.26803,6.68874,0.97204
Max4Pin,0.11693,2.59271,0.08609,0.2934,6.98493,0.97099
F-delta-H,0.01753,1.10367,0.00077,0.02776,1.65984,0.98188
Max-Fxy,0.01342,0.74877,0.0012,0.03471,2.0529,0.47181
