OUTPUT,MAE,MAPE,MSE,RMSE,RMSPE,R2
K-eff,0.00374,0.4325,5e-05,0.00741,0.91697,0.99301
Max3Pin,0.11707,2.67413,0.08833,0.2972,7.04842,0.96562
Max4Pin,0.12656,2.77115,0.10867,0.32966,7.36147,0.96337
F-delta-H,0.01701,1.07286,0.00072,0.02692,1.62424,0.98295
Max-Fxy,0.01519,0.84479,0.00194,0.04409,2.49952,0.14795
