OUTPUT,MAE,MAPE,MSE,RMSE,RMSPE,R2,CONVERSION TIME [s]
K-eff,0.0455,5.1652,0.0029,0.0536,6.512,0.635,1.5391969680786133
Max3Pin,0.7078,17.9485,0.6914,0.8315,20.3729,0.7309,1.5391969680786133
Max4Pin,0.7612,18.4993,0.8241,0.9078,21.0109,0.7222,1.5391969680786133
F-delta-H,0.0569,3.5743,0.0056,0.075,4.5439,0.8678,1.5391969680786133
Max-Fxy,0.0276,1.5273,0.0019,0.0431,2.5536,0.186,1.5391969680786133
