OUTPUT,MAE,MAPE,MSE,RMSE,RMSPE,R2
CHF,47.10178,3.43506,3831.7747,61.90133,4.55751,0.99779
