OUTPUT,MAE,MAPE,MSE,RMSE,RMSPE,R2
CHF,22.19988,1.49471,1196.1625,34.58558,2.1151,0.99931
