OUTPUT,MAE,MAPE,MSE,RMSE,RMSPE,R2
CHF,32.9217,2.23029,2240.9517,47.33869,3.46431,0.99871
