OUTPUT,MAE,MAPE,MSE,RMSE,RMSPE,R2,CONVERSION TIME [s]
fission_gas,0.0,0.1476,0.0,0.0,0.2042,0.9984,2.684440851211548
max_fuel_cl_T,2.0037,0.1252,7.6019,2.7571,0.1701,0.9937,2.684440851211548
max_fuel_surf_T,1.9503,0.2765,5.5517,2.3562,0.3328,0.9167,2.684440851211548
radial_clad_T,0.0,0.3208,0.0,0.0,0.412,0.9891,2.684440851211548
