OUTPUT,MAE,MAPE,MSE,RMSE,RMSPE,R2,CONVERSION TIME [s]
fission_gas,0.0,0.188,0.0,0.0,0.261,0.9973,2.083354949951172
max_fuel_cl_T,1.993,0.125,6.69,2.5865,0.1618,0.9945,2.083354949951172
max_fuel_surf_T,1.8758,0.2661,5.1961,2.2795,0.3228,0.922,2.083354949951172
radial_clad_T,0.0,0.3819,0.0,0.0,0.4797,0.9856,2.083354949951172
