OUTPUT,MAE,MAPE,MSE,RMSE,RMSPE,R2
fission_gas,0.0,0.33596,0.0,0.0,0.39906,0.99384
max_fuel_cl_T,1.83345,0.11534,7.015,2.64858,0.16598,0.99422
max_fuel_surf_T,1.33215,0.18937,3.01096,1.73521,0.2466,0.9548
radial_clad_T,0.0,0.26373,0.0,0.0,0.34571,0.99244
