OUTPUT,MAE,MAPE,MSE,RMSE,RMSPE,R2
fission_gas,0.0,0.2141,0.0,0.0,0.29764,0.99644
max_fuel_cl_T,2.10238,0.13238,6.4839,2.54635,0.1608,0.99466
max_fuel_surf_T,1.47333,0.20947,3.91206,1.97789,0.28072,0.94127
radial_clad_T,0.0,0.21444,0.0,0.0,0.26814,0.9955
