OUTPUT,MAE,MAPE,MSE,RMSE,RMSPE,R2,CONVERSION TIME [s]
fission_gas,0.0,0.1687,0.0,0.0,0.2421,0.9979,3.557403564453125
max_fuel_cl_T,2.5488,0.1597,12.8396,3.5832,0.2241,0.9894,3.557403564453125
max_fuel_surf_T,3.9658,0.564,20.3056,4.5062,0.6399,0.6952,3.557403564453125
radial_clad_T,0.0,0.9186,0.0,0.0,1.2104,0.9068,3.557403564453125
