OUTPUT,MAE,MAPE,MSE,RMSE,RMSPE,R2,CONVERSION_TIME
fission_gas,0.0,0.3152,0.0,0.0,0.381,0.9944,3.3298277854919434
max_fuel_cl_T,2.0139,0.127,6.9998,2.6457,0.1671,0.9942,3.3298277854919434
max_fuel_surf_T,0.8346,0.1184,1.2596,1.1223,0.1588,0.9811,3.3298277854919434
radial_clad_T,0.0,0.2545,0.0,0.0,0.3625,0.9922,3.3298277854919434
