OUTPUT,MAE,MAPE,MSE,RMSE,RMSPE,R2,CONVERSION TIME [s]
fission_gas,0.0,0.1331,0.0,0.0,0.1815,0.9988,0.4032008647918701
max_fuel_cl_T,3.6604,0.2296,25.066,5.0066,0.3131,0.9793,0.4032008647918701
max_fuel_surf_T,2.1638,0.3069,7.1747,2.6786,0.379,0.8923,0.4032008647918701
radial_clad_T,0.0,0.4397,0.0,0.0,0.5533,0.9807,0.4032008647918701
