OUTPUT,MAE,MAPE,MSE,RMSE,RMSPE,R2
T,9.4537,0.75252,996.86206,31.57312,2.52713,0.95317
