OUTPUT,MAE,MAPE,MSE,RMSE,RMSPE,R2
T,9.07959,0.70132,1004.82886,31.69904,2.44894,0.9528
