OUTPUT,MAE,MAPE,MSE,RMSE,RMSPE,R2,CONVERSION TIME [s]
fluxQ1,0.0017,0.6926,0.0,0.0021,0.8445,0.745,132.29191040992737
fluxQ2,0.0015,0.6161,0.0,0.0019,0.7607,0.7958,132.29191040992737
fluxQ3,0.0012,0.4929,0.0,0.0016,0.6167,0.8623,132.29191040992737
fluxQ4,0.002,0.7812,0.0,0.0024,0.968,0.6646,132.29191040992737
