OUTPUT,MAE,MAPE,MSE,RMSE,RMSPE,R2,CONVERSION_TIME
fluxQ1,0.0004,0.1604,0.0,0.0005,0.2005,0.9857,12.796669244766235
fluxQ2,0.0004,0.1469,0.0,0.0005,0.1864,0.9876,12.796669244766235
fluxQ3,0.0004,0.1693,0.0,0.0005,0.2155,0.9835,12.796669244766235
fluxQ4,0.0004,0.1565,0.0,0.0005,0.1971,0.9862,12.796669244766235
