OUTPUT,MAE,MAPE,MSE,RMSE,RMSPE,R2
fluxQ1,0.00051,0.20247,0.0,0.00065,0.25917,0.97581
fluxQ2,0.00053,0.21005,0.0,0.00067,0.26668,0.97459
fluxQ3,0.00049,0.195,0.0,0.00061,0.24327,0.97887
fluxQ4,0.00049,0.19727,0.0,0.00064,0.25331,0.97698
