OUTPUT,MAE,MAPE,MSE,RMSE,RMSPE,R2
fluxQ1,0.00055,0.21797,0.0,0.00071,0.28329,0.9713
fluxQ2,0.00058,0.23155,0.0,0.00073,0.29067,0.96986
fluxQ3,0.00055,0.21801,0.0,0.00071,0.28301,0.97125
fluxQ4,0.00053,0.21204,0.0,0.00068,0.27176,0.97354
