OUTPUT,MAE,MAPE,MSE,RMSE,RMSPE,R2
FluxQ1,2.038193924781708e+17,0.7953,6.52027488447954e+34,2.5534828929287037e+17,0.9966,0.7147
FluxQ2,1.9986265977263174e+17,0.7785,6.334891828961959e+34,2.516921101060174e+17,0.9795,0.7388
FluxQ3,2.0059381043226176e+17,0.7804,6.299443188630005e+34,2.5098691576713725e+17,0.9754,0.7399
FluxQ4,2.127984258301241e+17,0.8285,6.944312794946786e+34,2.6352064046193395e+17,1.0253,0.6993
