OUTPUT,MAE,MAPE,MSE,RMSE,RMSPE,R2,CONVERSION_TIME
fluxQ1,0.0005,0.2026,0.0,0.0006,0.2534,0.977,14.639224529266357
fluxQ2,0.0004,0.1677,0.0,0.0005,0.2092,0.9843,14.639224529266357
fluxQ3,0.0004,0.1558,0.0,0.0005,0.193,0.9867,14.639224529266357
fluxQ4,0.0003,0.1363,0.0,0.0004,0.1717,0.9895,14.639224529266357
