OUTPUT,MAE,MAPE,MSE,RMSE,RMSPE,R2,CONVERSION_TIME
fluxQ1,0.0003,0.1347,0.0,0.0004,0.1668,0.9901,9.471102714538574
fluxQ2,0.0004,0.1411,0.0,0.0004,0.1773,0.9887,9.471102714538574
fluxQ3,0.0003,0.1386,0.0,0.0004,0.1754,0.989,9.471102714538574
fluxQ4,0.0004,0.1409,0.0,0.0005,0.1798,0.9884,9.471102714538574
