OUTPUT,MAE,MAPE,MSE,RMSE,RMSPE,R2,CONVERSION_TIME
fluxQ1,0.0005,0.1928,0.0,0.0006,0.2389,0.9797,13.325854539871216
fluxQ2,0.0004,0.1608,0.0,0.0005,0.2014,0.9855,13.325854539871216
fluxQ3,0.0004,0.1479,0.0,0.0005,0.1869,0.9875,13.325854539871216
fluxQ4,0.0004,0.171,0.0,0.0005,0.2131,0.9838,13.325854539871216
