OUTPUT,MAE,MAPE,MSE,RMSE,RMSPE,R2
fluxQ1,0.00051,0.20422,0.0,0.00064,0.25437,0.97682
fluxQ2,0.00051,0.20399,0.0,0.00066,0.26112,0.97552
fluxQ3,0.00046,0.18512,0.0,0.00059,0.23348,0.98049
fluxQ4,0.00049,0.19709,0.0,0.00062,0.2469,0.97817
