OUTPUT,MAE,MAPE,MSE,RMSE,RMSPE,R2
fluxQ1,0.00053,0.21271,0.0,0.00068,0.27222,0.97357
fluxQ2,0.00054,0.2176,0.0,0.00069,0.27749,0.97254
fluxQ3,0.00054,0.21654,0.0,0.00071,0.28415,0.971
fluxQ4,0.00051,0.20573,0.0,0.00066,0.26266,0.97535
