OUTPUT,MAE,MAPE,MSE,RMSE,RMSPE,R2,CONVERSION_TIME
fluxQ1,0.0004,0.1689,0.0,0.0005,0.2129,0.9838,12.395806550979614
fluxQ2,0.0004,0.1693,0.0,0.0005,0.2129,0.9839,12.395806550979614
fluxQ3,0.0004,0.1449,0.0,0.0005,0.1816,0.9882,12.395806550979614
fluxQ4,0.0004,0.1621,0.0,0.0005,0.2048,0.985,12.395806550979614
