OUTPUT,MAE,MAPE,MSE,RMSE,RMSPE,R2,CONVERSION TIME [s]
fluxQ1,0.0013,0.5284,0.0,0.0016,0.6481,0.8491,89.88187265396118
fluxQ2,0.0023,0.9213,0.0,0.0028,1.1223,0.5491,89.88187265396118
fluxQ3,0.0103,4.1326,0.0001,0.0104,4.1536,-5.148,89.88187265396118
fluxQ4,0.005,2.0011,0.0,0.0057,2.2824,-0.8281,89.88187265396118
