OUTPUT,MAE,MAPE,MSE,RMSE,RMSPE,R2,CONVERSION TIME [s]
fluxQ1,0.0023,0.9318,0.0,0.0028,1.1105,0.5572,116.57237005233765
fluxQ2,0.0076,3.0536,0.0001,0.0079,3.1687,-2.5715,116.57237005233765
fluxQ3,0.0014,0.5462,0.0,0.0017,0.6663,0.8419,116.57237005233765
fluxQ4,0.0019,0.742,0.0,0.0023,0.9329,0.687,116.57237005233765
