OUTPUT,MAE,MAPE,MSE,RMSE,RMSPE,R2,CONVERSION TIME [s]
fluxQ1,0.0034,1.3727,0.0,0.0043,1.7148,-0.0627,30.492383003234863
fluxQ2,0.0029,1.1387,0.0,0.0035,1.4056,0.289,30.492383003234863
fluxQ3,0.0051,2.058,0.0,0.0064,2.5303,-1.2987,30.492383003234863
fluxQ4,0.0035,1.4159,0.0,0.0044,1.765,-0.1189,30.492383003234863
