OUTPUT,MAE,MAPE,MSE,RMSE,RMSPE,R2
B-1,4.69522,0.02064,37.23147,6.10176,0.02685,0.99804
B-2,5.90951,0.02739,54.49424,7.38202,0.03423,0.99742
B-4,4.21318,0.01844,29.67855,5.4478,0.02383,0.99796
B-5,6.59671,0.03026,65.66751,8.10355,0.03724,0.99622
B-7,5.28406,0.02323,43.34228,6.58349,0.02897,0.99707
B-8,6.34492,0.03001,64.80458,8.05013,0.03815,0.9962
