OUTPUT,MAE,MAPE,MSE,RMSE,RMSPE,R2,CONVERSION_TIME
B-1,5.2189,0.023,54.2958,7.3686,0.0325,0.9971,3.347877025604248
B-2,4.6495,0.0216,37.9076,6.1569,0.0286,0.9982,3.347877025604248
B-4,4.7984,0.021,39.5218,6.2866,0.0276,0.9973,3.347877025604248
B-5,4.178,0.0191,32.8344,5.7301,0.0262,0.9981,3.347877025604248
B-7,4.7479,0.0208,44.98,6.7067,0.0294,0.997,3.347877025604248
B-8,5.007,0.0237,51.5355,7.1788,0.034,0.997,3.347877025604248
