OUTPUT,MAE,MAPE,MSE,RMSE,RMSPE,R2
A-2,3.32124,0.01285,18.30655,4.27862,0.01657,0.99829
