OUTPUT,MAE,MAPE,MSE,RMSE,RMSPE,R2
A-2,4.00776,0.01551,25.92066,5.09123,0.0197,0.99758
