OUTPUT,MAE,MAPE,MSE,RMSE,RMSPE,R2
B-1,5.67038,0.02491,49.71682,7.05102,0.03097,0.99738
B-2,5.26452,0.02441,43.51394,6.59651,0.0306,0.99794
B-4,5.09374,0.02233,40.32098,6.34988,0.02786,0.99723
B-5,3.99387,0.01828,26.70497,5.16769,0.02363,0.99846
B-7,3.57527,0.01571,23.78911,4.87741,0.02144,0.99839
B-8,4.70816,0.02221,33.52482,5.79006,0.02732,0.99803
