OUTPUT,MAE,MAPE,MSE,RMSE,RMSPE,R2
A-2,4.14266,0.01602,26.14048,5.11278,0.01977,0.99756
