OUTPUT,MAE,MAPE,MSE,RMSE,RMSPE,R2,CONVERSION TIME [s]
max_power,51.2793,60.1317,5503.2352,74.1838,212.8235,0.8708,0.11453747749328613
burst_width,0.0451,12.0643,0.0093,0.0966,16.4105,0.5193,0.11453747749328613
max_TF,3.0313,0.3327,25.7709,5.0765,0.5907,0.9801,0.11453747749328613
avg_Tcool,0.0851,0.0152,0.0127,0.1128,0.0201,0.9771,0.11453747749328613
