OUTPUT,MAE,MAPE,MSE,RMSE,RMSPE,R2
max_power,2.86917,2.02932,15.80721,3.97583,4.24141,0.99963
burst_width,0.0062,1.46186,0.00053,0.02303,2.41617,0.97265
max_TF,0.50154,0.05626,2.54761,1.59612,0.20006,0.99803
avg_Tcool,0.01308,0.00233,0.00027,0.01647,0.00293,0.99951
