OUTPUT,MAE,MAPE,MSE,RMSE,RMSPE,R2
max_power,1.97732,1.54866,8.8794,2.97983,3.12881,0.99979
burst_width,0.0068,1.87594,0.00018,0.01358,2.43867,0.99049
max_TF,0.44354,0.04882,0.71865,0.84773,0.10104,0.99944
avg_Tcool,0.00652,0.00116,8e-05,0.00901,0.00161,0.99985
