OUTPUT,MAE,MAPE,MSE,RMSE,RMSPE,R2,CONVERSION_TIME
max_power,6.025,3.4067,82.4274,9.079,6.6721,0.9981,1.930626630783081
burst_width,0.0142,4.2073,0.0004,0.0193,5.3489,0.9809,1.930626630783081
max_TF,1.571,0.168,4.7466,2.1787,0.2296,0.9963,1.930626630783081
avg_Tcool,0.0089,0.0016,0.0002,0.0145,0.0026,0.9996,1.930626630783081
